{"__v":0,"_id":{"$oid":"555e7445f835e0f015ed4508"},"brand":"NOKIE","category":"Phone","condition":"Like_New","description":"The unbreakable phone. Used by NASA to shoot down asteroids. Now on sale for less than 1 Million dollars, get yours today!","model":"S99","os":"LINUX","owner":"lolol","price":999999,"type":"1ZB"}
{"__v":0,"_id":{"$oid":"555e883f7b0d222433b0cee0"},"brand":"ALIONWARE","category":"Computer","condition":"Like_New","description":"The legendary gold Alionware, now for sale! Running with DOORS OS, the best OS that have ever been made. Specifications: Intal i-99 50GHZ 256 core processors, Nvidio GeGravity G999XD 1TB VRAM, 100 TB RAM DDR10. \nUser reviews: \"This laptop is beyond human comprehension.\"","model":"GOLD-EDITION","os":"DOORS","owner":"lolol","price":8.008155555e+09,"type":"1TB-SSD"}
